id,name,age,email,salary
1,Adam,42,adam@mail.com,4200
2,Beth,52,beth@mail.com,5123
3,Cecil,23,cecil@mail.com,9613
4,Dorthy,29,dorthy@mail.com,7125
5,Edmund,35,edmund@mail.pl,6210
6,Fredrick,46,fredrick@mail.no,6321
7,Greg,62,greg@mail.com,3512
8,Hugh,64,hugh@mail.de,4361
9,Ian,31,ian@mail.com,8125
10,John,17,john@mail.en,2390